"","GID","Lat","Long","SiteCode","ToBufDist","DateDeployed","DateCollected","TrapStatus","FemaleAeaeg","MaleAeaeg","FemalesTested","FemaleAeaeg2","Female_wMel","Female_wMelPop","MalesTested","MaleAeaeg2","Male_wMel","Male_wMelPop","DayDeployed","DayCollected","DaysActive"
"1",47501,-16.91546,145.76033,"PP30",0,2012-12-18,2013-01-02,TRUE,7,0,NA,NA,NA,NA,NA,NA,NA,NA,-14,1,15
"2",507,-16.91866,145.75994,"PP19",0,2012-12-18,2013-01-02,TRUE,8,6,NA,NA,NA,NA,NA,NA,NA,NA,-14,1,15
"3",623,-16.92215,145.76311,"PP31",0,2012-12-18,2013-01-02,TRUE,10,7,NA,NA,NA,NA,NA,NA,NA,NA,-14,1,15
"4",53343,-16.91735,145.76202,"PP29",0,2012-12-18,2013-01-02,TRUE,3,4,NA,NA,NA,NA,NA,NA,NA,NA,-14,1,15
"5",900029,-16.91801,145.76245,"PP44",0,2012-12-18,2013-01-02,TRUE,19,13,NA,NA,NA,NA,NA,NA,NA,NA,-14,1,15
"6",13424,-16.91982,145.7657,"PP02",0,2012-12-18,2013-01-02,TRUE,27,1,NA,NA,NA,NA,NA,NA,NA,NA,-14,1,15
"7",44074,-16.92359,145.76091,"PP15-1",0,2012-12-18,2013-01-02,TRUE,2,0,NA,NA,NA,NA,NA,NA,NA,NA,-14,1,15
"8",35611,-16.92006,145.76126,"PP16",0,2012-12-18,2013-01-02,TRUE,3,1,NA,NA,NA,NA,NA,NA,NA,NA,-14,1,15
"9",6511,-16.92036,145.76231,"PP14",0,2012-12-18,2013-01-02,TRUE,25,27,NA,NA,NA,NA,NA,NA,NA,NA,-14,1,15
"10",12036,-16.92137,145.76194,"PP13",0,2012-12-18,2013-01-02,TRUE,13,6,NA,NA,NA,NA,NA,NA,NA,NA,-14,1,15
"11",26687,-16.92112,145.76051,"PP12",0,2012-12-18,2013-01-02,TRUE,2,2,NA,NA,NA,NA,NA,NA,NA,NA,-14,1,15
"12",23463,-16.91717,145.76106,"PP11-1",0,2012-12-18,2013-01-02,TRUE,10,4,NA,NA,NA,NA,NA,NA,NA,NA,-14,1,15
"13",573,-16.92339,145.76163,"PP10",0,2012-12-18,2013-01-02,TRUE,8,9,NA,NA,NA,NA,NA,NA,NA,NA,-14,1,15
"14",602,-16.92344,145.76225,"PP09",0,2012-12-18,2013-01-02,TRUE,11,7,NA,NA,NA,NA,NA,NA,NA,NA,-14,1,15
"15",619,-16.92303,145.76327,"PP08",0,2012-12-18,2013-01-02,TRUE,6,1,NA,NA,NA,NA,NA,NA,NA,NA,-14,1,15
"16",626,-16.92237,145.7633,"PP07",0,2012-12-18,2013-01-02,TRUE,7,6,NA,NA,NA,NA,NA,NA,NA,NA,-14,1,15
"17",651,-16.92109,145.76342,"PP06",0,2012-12-18,2013-01-02,TRUE,4,4,NA,NA,NA,NA,NA,NA,NA,NA,-14,1,15
"18",643,-16.92186,145.76408,"PP05",0,2012-12-18,2013-01-02,TRUE,17,14,NA,NA,NA,NA,NA,NA,NA,NA,-14,1,15
"19",35627,-16.91646,145.75845,"PP21",0,2012-12-18,2013-01-02,TRUE,1,0,NA,NA,NA,NA,NA,NA,NA,NA,-14,1,15
"20",23970,-16.9205,145.7664,"PP01",0,2012-12-18,2013-01-02,TRUE,4,0,NA,NA,NA,NA,NA,NA,NA,NA,-14,1,15
"21",478,-16.91868,145.76137,"PP17",0,2012-12-18,2013-01-02,TRUE,12,0,NA,NA,NA,NA,NA,NA,NA,NA,-14,1,15
"22",494,-16.91929,145.76012,"PP18",0,2012-12-18,2013-01-02,TRUE,22,38,NA,NA,NA,NA,NA,NA,NA,NA,-14,1,15
"23",435,-16.91749,145.75932,"PP20-1",0,2012-12-18,2013-01-02,TRUE,27,20,NA,NA,NA,NA,NA,NA,NA,NA,-14,1,15
"24",427,-16.91646,145.75903,"PP22",0,2012-12-18,2013-01-02,TRUE,4,2,NA,NA,NA,NA,NA,NA,NA,NA,-14,1,15
"25",47457,-16.91626,145.76032,"PP24",0,2012-12-18,2013-01-02,TRUE,7,0,NA,NA,NA,NA,NA,NA,NA,NA,-14,1,15
"26",22950,-16.91897,145.76313,"PP25",0,2012-12-18,2013-01-02,TRUE,47,7,NA,NA,NA,NA,NA,NA,NA,NA,-14,1,15
"27",67089,-16.91863,145.76443,"PP26",0,2012-12-18,2013-01-02,TRUE,30,9,NA,NA,NA,NA,NA,NA,NA,NA,-14,1,15
"28",21693,-16.91975,145.76381,"PP27",0,2012-12-18,2013-01-02,TRUE,16,4,NA,NA,NA,NA,NA,NA,NA,NA,-14,1,15
"29",55377,-16.91715,145.76301,"PP28",0,2012-12-18,2013-01-02,TRUE,2,0,NA,NA,NA,NA,NA,NA,NA,NA,-14,1,15
"30",427,-16.91646,145.75903,"PP22",0,2013-01-02,2013-01-08,TRUE,3,1,3,3,0,0,1,1,0,0,1,7,6
"31",573,-16.92339,145.76163,"PP10",0,2013-01-02,2013-01-08,TRUE,1,1,1,1,0,0,1,1,0,0,1,7,6
"32",602,-16.92344,145.76225,"PP09",0,2013-01-02,2013-01-08,TRUE,2,0,2,2,0,0,NA,NA,NA,NA,1,7,6
"33",619,-16.92303,145.76327,"PP08",0,2013-01-02,2013-01-08,TRUE,5,7,5,5,0,0,7,7,0,0,1,7,6
"34",626,-16.92237,145.7633,"PP07",0,2013-01-02,2013-01-08,TRUE,2,1,2,2,0,0,1,1,0,0,1,7,6
"35",651,-16.92109,145.76342,"PP06",0,2013-01-02,2013-01-08,TRUE,2,0,2,2,0,0,NA,NA,NA,NA,1,7,6
"36",643,-16.92186,145.76408,"PP05",0,2013-01-02,2013-01-08,TRUE,8,5,8,8,0,0,5,5,0,0,1,7,6
"37",26646,-16.92096,145.76434,"PP04",0,2013-01-02,2013-01-08,TRUE,2,0,2,2,0,0,NA,NA,NA,NA,1,7,6
"38",36629,-16.92062,145.76477,"PP03",0,2013-01-02,2013-01-08,TRUE,5,0,5,5,0,0,NA,NA,NA,NA,1,7,6
"39",13424,-16.91982,145.7657,"PP02",0,2013-01-02,2013-01-08,TRUE,1,0,1,1,0,0,NA,NA,NA,NA,1,7,6
"40",450,-16.91655,145.75955,"PP23",0,2013-01-02,2013-01-08,TRUE,5,1,5,5,0,0,1,1,0,0,1,7,6
"41",35627,-16.91646,145.75845,"PP21",0,2013-01-02,2013-01-08,TRUE,0,0,NA,NA,NA,NA,NA,NA,NA,NA,1,7,6
"42",435,-16.91749,145.75932,"PP20-1",0,2013-01-02,2013-01-08,TRUE,8,10,8,8,0,0,10,10,0,0,1,7,6
"43",507,-16.91866,145.75994,"PP19",0,2013-01-02,2013-01-08,TRUE,7,4,7,7,0,0,4,4,0,0,1,7,6
"44",494,-16.91929,145.76012,"PP18",0,2013-01-02,2013-01-08,TRUE,7,15,7,7,0,0,15,15,0,0,1,7,6
"45",478,-16.91868,145.76137,"PP17",0,2013-01-02,2013-01-08,TRUE,3,2,3,3,0,0,2,2,0,0,1,7,6
"46",35611,-16.92006,145.76126,"PP16",0,2013-01-02,2013-01-08,TRUE,0,0,NA,NA,NA,NA,NA,NA,NA,NA,1,7,6
"47",44074,-16.92359,145.76091,"PP15-1",0,2013-01-02,2013-01-08,TRUE,1,0,1,1,0,0,NA,NA,NA,NA,1,7,6
"48",6511,-16.92036,145.76231,"PP14",0,2013-01-02,2013-01-08,TRUE,9,11,9,9,0,0,11,11,0,0,1,7,6
"49",12036,-16.92137,145.76194,"PP13",0,2013-01-02,2013-01-08,TRUE,6,2,6,6,0,0,2,2,0,0,1,7,6
"50",26687,-16.92112,145.76051,"PP12",0,2013-01-02,2013-01-08,TRUE,26,9,6,6,0,0,5,5,0,0,1,7,6
"51",23970,-16.9205,145.7664,"PP01",0,2013-01-02,2013-01-08,TRUE,13,0,13,13,0,0,NA,NA,NA,NA,1,7,6
"52",22950,-16.91897,145.76313,"PP25",0,2013-01-02,2013-01-08,TRUE,10,5,10,10,0,0,5,5,0,0,1,7,6
"53",67089,-16.91863,145.76443,"PP26",0,2013-01-02,2013-01-08,TRUE,20,11,20,20,0,0,11,11,0,0,1,7,6
"54",21693,-16.91975,145.76381,"PP27",0,2013-01-02,2013-01-08,TRUE,5,0,5,5,0,0,NA,NA,NA,NA,1,7,6
"55",55377,-16.91715,145.76301,"PP28",0,2013-01-02,2013-01-08,TRUE,1,0,1,1,0,0,NA,NA,NA,NA,1,7,6
"56",53343,-16.91735,145.76202,"PP29",0,2013-01-02,2013-01-08,TRUE,20,29,21,21,0,0,29,29,0,0,1,7,6
"57",47501,-16.91546,145.76033,"PP30",0,2013-01-02,2013-01-08,TRUE,1,0,1,1,0,0,NA,NA,NA,NA,1,7,6
"58",623,-16.92215,145.76311,"PP31",0,2013-01-02,2013-01-08,TRUE,4,2,4,4,0,0,2,2,0,0,1,7,6
"59",23463,-16.91717,145.76106,"PP11-1",0,2013-01-02,2013-01-08,TRUE,3,2,3,3,0,0,2,2,0,0,1,7,6
"60",47457,-16.91626,145.76032,"PP24",0,2013-01-02,2013-01-08,TRUE,2,0,2,2,0,0,NA,NA,NA,NA,1,7,6
"61",900029,-16.91801,145.76245,"PP44",0,2013-01-02,2013-01-08,TRUE,6,5,6,6,0,0,5,5,0,0,1,7,6
"62",23463,-16.91717,145.76106,"PP11-1",0,2013-01-08,2013-01-15,TRUE,4,1,4,4,4,0,1,1,0,0,7,14,7
"63",47501,-16.91546,145.76033,"PP30",0,2013-01-08,2013-01-15,TRUE,15,2,15,15,6,0,2,2,1,0,7,14,7
"64",450,-16.91655,145.75955,"PP23",0,2013-01-08,2013-01-15,TRUE,19,1,19,19,5,0,1,1,0,0,7,14,7
"65",47457,-16.91626,145.76032,"PP24",0,2013-01-08,2013-01-15,TRUE,5,0,5,5,1,0,NA,NA,NA,NA,7,14,7
"66",22950,-16.91897,145.76313,"PP25",0,2013-01-08,2013-01-15,TRUE,19,9,19,19,6,0,9,9,3,0,7,14,7
"67",67089,-16.91863,145.76443,"PP26",0,2013-01-08,2013-01-15,TRUE,25,31,25,25,16,0,31,31,20,0,7,14,7
"68",21693,-16.91975,145.76381,"PP27",0,2013-01-08,2013-01-15,TRUE,14,9,14,14,6,0,8,8,2,0,7,14,7
"69",35627,-16.91646,145.75845,"PP21",0,2013-01-08,2013-01-15,TRUE,4,2,4,4,0,0,2,2,1,0,7,14,7
"70",53343,-16.91735,145.76202,"PP29",0,2013-01-08,2013-01-15,TRUE,17,22,18,18,0,0,22,22,0,0,7,14,7
"71",26687,-16.92112,145.76051,"PP12",0,2013-01-08,2013-01-15,TRUE,34,63,34,34,5,0,63,63,9,0,7,14,7
"72",623,-16.92215,145.76311,"PP31",0,2013-01-08,2013-01-15,TRUE,15,8,15,15,3,0,8,8,1,0,7,14,7
"73",55377,-16.91715,145.76301,"PP28",0,2013-01-08,2013-01-15,TRUE,0,1,NA,NA,NA,NA,1,1,0,0,7,14,7
"74",619,-16.92303,145.76327,"PP08",0,2013-01-08,2013-01-15,TRUE,15,10,15,15,4,0,11,11,1,0,7,14,7
"75",12036,-16.92137,145.76194,"PP13",0,2013-01-08,2013-01-15,TRUE,16,13,16,16,6,0,13,13,5,0,7,14,7
"76",23970,-16.9205,145.7664,"PP01",0,2013-01-08,2013-01-15,TRUE,56,20,54,54,19,0,20,20,7,0,7,14,7
"77",13424,-16.91982,145.7657,"PP02",0,2013-01-08,2013-01-15,TRUE,2,0,2,2,2,0,NA,NA,NA,NA,7,14,7
"78",36629,-16.92062,145.76477,"PP03",0,2013-01-08,2013-01-15,TRUE,7,2,6,6,3,0,2,2,2,0,7,14,7
"79",26646,-16.92096,145.76434,"PP04",0,2013-01-08,2013-01-15,TRUE,1,0,1,1,0,0,NA,NA,NA,NA,7,14,7
"80",643,-16.92186,145.76408,"PP05",0,2013-01-08,2013-01-15,TRUE,6,7,6,6,2,0,7,7,3,0,7,14,7
"81",427,-16.91646,145.75903,"PP22",0,2013-01-08,2013-01-15,TRUE,5,5,5,5,1,0,4,4,2,0,7,14,7
"82",626,-16.92237,145.7633,"PP07",0,2013-01-08,2013-01-15,TRUE,13,8,11,11,3,0,8,8,3,0,7,14,7
"83",435,-16.91749,145.75932,"PP20-1",0,2013-01-08,2013-01-15,TRUE,25,14,25,25,6,0,14,14,4,0,7,14,7
"84",602,-16.92344,145.76225,"PP09",0,2013-01-08,2013-01-15,TRUE,9,10,9,9,3,0,10,10,6,0,7,14,7
"85",573,-16.92339,145.76163,"PP10",0,2013-01-08,2013-01-15,TRUE,7,3,7,7,3,0,4,4,2,0,7,14,7
"86",6511,-16.92036,145.76231,"PP14",0,2013-01-08,2013-01-15,TRUE,24,23,24,24,7,0,23,23,6,0,7,14,7
"87",44074,-16.92359,145.76091,"PP15-1",0,2013-01-08,2013-01-15,TRUE,5,1,5,5,0,0,1,1,0,0,7,14,7
"88",35611,-16.92006,145.76126,"PP16",0,2013-01-08,2013-01-15,TRUE,2,0,2,2,2,0,NA,NA,NA,NA,7,14,7
"89",478,-16.91868,145.76137,"PP17",0,2013-01-08,2013-01-15,TRUE,9,1,8,8,2,0,1,1,0,0,7,14,7
"90",507,-16.91866,145.75994,"PP19",0,2013-01-08,2013-01-15,TRUE,14,4,13,13,3,0,4,4,2,0,7,14,7
"91",651,-16.92109,145.76342,"PP06",0,2013-01-08,2013-01-15,TRUE,12,3,12,12,1,0,3,3,2,0,7,14,7
"92",494,-16.91929,145.76012,"PP18",0,2013-01-08,2013-01-15,TRUE,22,47,22,22,7,0,46,46,10,0,7,14,7
"93",900029,-16.91801,145.76245,"PP44",0,2013-01-08,2013-01-15,TRUE,21,11,19,19,0,0,11,11,1,0,7,14,7
"94",623,-16.92215,145.76311,"PP31",0,2013-01-15,2013-01-22,TRUE,5,3,5,5,0,0,3,3,0,0,14,21,7
"95",55377,-16.91715,145.76301,"PP28",0,2013-01-15,2013-01-22,TRUE,3,3,3,3,1,0,3,3,0,0,14,21,7
"96",53343,-16.91735,145.76202,"PP29",0,2013-01-15,2013-01-22,TRUE,6,10,6,6,0,0,10,10,0,0,14,21,7
"97",47501,-16.91546,145.76033,"PP30",0,2013-01-15,2013-01-22,TRUE,7,0,7,7,1,0,NA,NA,NA,NA,14,21,7
"98",21693,-16.91975,145.76381,"PP27",0,2013-01-15,2013-01-22,TRUE,7,3,7,7,3,0,3,3,2,0,14,21,7
"99",900029,-16.91801,145.76245,"PP44",0,2013-01-15,2013-01-22,TRUE,12,6,12,12,0,0,6,6,1,0,14,21,7
"100",494,-16.91929,145.76012,"PP18",0,2013-01-15,2013-01-22,TRUE,7,26,7,7,2,0,26,26,3,0,14,21,7
"101",35611,-16.92006,145.76126,"PP16",0,2013-01-15,2013-01-22,TRUE,1,3,1,1,1,0,3,3,1,0,14,21,7
"102",602,-16.92344,145.76225,"PP09",0,2013-01-15,2013-01-22,TRUE,12,4,12,12,7,0,4,4,2,0,14,21,7
"103",23970,-16.9205,145.7664,"PP01",0,2013-01-15,2013-01-22,TRUE,9,3,9,8,4,0,3,3,1,0,14,21,7
"104",13424,-16.91982,145.7657,"PP02",0,2013-01-15,2013-01-22,TRUE,10,1,10,10,5,0,1,1,0,0,14,21,7
"105",36629,-16.92062,145.76477,"PP03",0,2013-01-15,2013-01-22,TRUE,8,1,8,8,4,0,1,1,0,0,14,21,7
"106",26646,-16.92096,145.76434,"PP04",0,2013-01-15,2013-01-22,TRUE,1,0,1,1,0,0,NA,NA,NA,NA,14,21,7
"107",643,-16.92186,145.76408,"PP05",0,2013-01-15,2013-01-22,TRUE,1,2,1,1,0,0,1,1,1,0,14,21,7
"108",651,-16.92109,145.76342,"PP06",0,2013-01-15,2013-01-22,TRUE,8,0,8,8,2,0,NA,NA,NA,NA,14,21,7
"109",626,-16.92237,145.7633,"PP07",0,2013-01-15,2013-01-22,TRUE,8,4,8,8,3,0,4,4,2,0,14,21,7
"110",22950,-16.91897,145.76313,"PP25",0,2013-01-15,2013-01-22,TRUE,14,3,13,13,6,0,3,3,0,0,14,21,7
"111",44074,-16.92359,145.76091,"PP15-1",0,2013-01-15,2013-01-22,TRUE,1,0,1,1,0,0,NA,NA,NA,NA,14,21,7
"112",67089,-16.91863,145.76443,"PP26",0,2013-01-15,2013-01-22,TRUE,6,0,6,6,5,0,NA,NA,NA,NA,14,21,7
"113",573,-16.92339,145.76163,"PP10",0,2013-01-15,2013-01-22,TRUE,4,4,4,4,1,0,4,4,1,0,14,21,7
"114",23463,-16.91717,145.76106,"PP11-1",0,2013-01-15,2013-01-22,TRUE,10,2,10,10,3,0,2,2,1,0,14,21,7
"115",435,-16.91749,145.75932,"PP20-1",0,2013-01-15,2013-01-22,TRUE,13,15,13,13,3,0,16,16,4,0,14,21,7
"116",478,-16.91868,145.76137,"PP17",0,2013-01-15,2013-01-22,TRUE,15,0,15,15,8,0,NA,NA,NA,NA,14,21,7
"117",619,-16.92303,145.76327,"PP08",0,2013-01-15,2013-01-22,TRUE,6,3,6,6,3,0,3,3,0,0,14,21,7
"118",507,-16.91866,145.75994,"PP19",0,2013-01-15,2013-01-22,TRUE,9,0,9,9,2,0,NA,NA,NA,NA,14,21,7
"119",26687,-16.92112,145.76051,"PP12",0,2013-01-15,2013-01-22,TRUE,23,25,23,23,7,0,25,25,2,0,14,21,7
"120",35627,-16.91646,145.75845,"PP21",0,2013-01-15,2013-01-22,TRUE,9,2,9,9,4,0,2,2,2,0,14,21,7
"121",427,-16.91646,145.75903,"PP22",0,2013-01-15,2013-01-22,TRUE,1,1,2,2,1,0,1,1,1,0,14,21,7
"122",450,-16.91655,145.75955,"PP23",0,2013-01-15,2013-01-22,TRUE,15,5,15,15,6,0,5,5,4,0,14,21,7
"123",47457,-16.91626,145.76032,"PP24",0,2013-01-15,2013-01-22,TRUE,11,1,11,11,4,0,1,1,0,0,14,21,7
"124",6511,-16.92036,145.76231,"PP14",0,2013-01-15,2013-01-22,TRUE,10,12,10,10,4,0,12,12,3,0,14,21,7
"125",12036,-16.92137,145.76194,"PP13",0,2013-01-15,2013-01-22,TRUE,10,2,10,10,8,0,2,2,2,0,14,21,7
"126",47501,-16.91546,145.76033,"PP30",0,2013-01-22,2013-01-29,TRUE,9,2,9,9,2,0,2,2,1,0,21,28,7
"127",53343,-16.91735,145.76202,"PP29",0,2013-01-22,2013-01-29,TRUE,11,13,11,11,4,0,13,13,10,0,21,28,7
"128",55377,-16.91715,145.76301,"PP28",0,2013-01-22,2013-01-29,TRUE,0,0,NA,NA,NA,NA,NA,NA,NA,NA,21,28,7
"129",623,-16.92215,145.76311,"PP31",0,2013-01-22,2013-01-29,TRUE,2,5,2,2,1,0,5,5,2,0,21,28,7
"130",900029,-16.91801,145.76245,"PP44",0,2013-01-22,2013-01-29,TRUE,3,8,3,3,0,0,8,8,2,0,21,28,7
"131",21693,-16.91975,145.76381,"PP27",0,2013-01-22,2013-01-29,TRUE,8,5,9,9,3,0,5,5,1,0,21,28,7
"132",26687,-16.92112,145.76051,"PP12",0,2013-01-22,2013-01-29,TRUE,59,86,59,59,17,0,86,86,16,0,21,28,7
"133",626,-16.92237,145.7633,"PP07",0,2013-01-22,2013-01-29,TRUE,10,8,10,10,2,0,8,8,2,0,21,28,7
"134",6511,-16.92036,145.76231,"PP14",0,2013-01-22,2013-01-29,TRUE,19,24,19,19,1,0,24,24,1,0,21,28,7
"135",67089,-16.91863,145.76443,"PP26",0,2013-01-22,2013-01-29,TRUE,14,7,14,14,9,0,7,7,5,0,21,28,7
"136",23970,-16.9205,145.7664,"PP01",0,2013-01-22,2013-01-29,TRUE,42,26,42,42,24,0,26,26,9,0,21,28,7
"137",13424,-16.91982,145.7657,"PP02",0,2013-01-22,2013-01-29,TRUE,15,2,15,15,8,0,2,2,2,0,21,28,7
"138",36629,-16.92062,145.76477,"PP03",0,2013-01-22,2013-01-29,TRUE,1,0,1,1,1,0,NA,NA,NA,NA,21,28,7
"139",26646,-16.92096,145.76434,"PP04",0,2013-01-22,2013-01-29,TRUE,0,0,NA,NA,NA,NA,NA,NA,NA,NA,21,28,7
"140",651,-16.92109,145.76342,"PP06",0,2013-01-22,2013-01-29,TRUE,2,2,2,2,1,0,2,2,1,0,21,28,7
"141",619,-16.92303,145.76327,"PP08",0,2013-01-22,2013-01-29,TRUE,9,10,9,9,2,0,10,10,1,0,21,28,7
"142",602,-16.92344,145.76225,"PP09",0,2013-01-22,2013-01-29,TRUE,6,5,6,6,3,0,5,5,2,0,21,28,7
"143",573,-16.92339,145.76163,"PP10",0,2013-01-22,2013-01-29,TRUE,8,6,8,8,0,0,6,6,2,0,21,28,7
"144",23463,-16.91717,145.76106,"PP11-1",0,2013-01-22,2013-01-29,TRUE,8,0,8,8,3,0,NA,NA,NA,NA,21,28,7
"145",450,-16.91655,145.75955,"PP23",0,2013-01-22,2013-01-29,TRUE,8,1,8,8,4,0,1,1,1,0,21,28,7
"146",22950,-16.91897,145.76313,"PP25",0,2013-01-22,2013-01-29,TRUE,15,5,15,15,7,0,5,5,0,0,21,28,7
"147",643,-16.92186,145.76408,"PP05",0,2013-01-22,2013-01-29,TRUE,15,15,15,15,7,0,15,15,2,0,21,28,7
"148",47457,-16.91626,145.76032,"PP24",0,2013-01-22,2013-01-29,TRUE,5,2,8,8,6,0,2,2,2,0,21,28,7
"149",12036,-16.92137,145.76194,"PP13",0,2013-01-22,2013-01-29,TRUE,10,5,10,10,3,0,5,5,2,0,21,28,7
"150",427,-16.91646,145.75903,"PP22",0,2013-01-22,2013-01-29,TRUE,4,3,4,4,1,0,3,3,0,0,21,28,7
"151",35627,-16.91646,145.75845,"PP21",0,2013-01-22,2013-01-29,TRUE,8,5,8,8,3,0,5,5,2,0,21,28,7
"152",435,-16.91749,145.75932,"PP20-1",0,2013-01-22,2013-01-29,TRUE,19,4,19,19,5,0,4,4,1,0,21,28,7
"153",507,-16.91866,145.75994,"PP19",0,2013-01-22,2013-01-29,TRUE,10,5,10,10,4,0,5,5,1,0,21,28,7
"154",494,-16.91929,145.76012,"PP18",0,2013-01-22,2013-01-29,TRUE,17,23,17,17,2,0,23,23,9,0,21,28,7
"155",478,-16.91868,145.76137,"PP17",0,2013-01-22,2013-01-29,TRUE,5,0,5,5,0,0,NA,NA,NA,NA,21,28,7
"156",35611,-16.92006,145.76126,"PP16",0,2013-01-22,2013-01-29,TRUE,3,4,3,3,2,0,4,4,4,0,21,28,7
"157",44074,-16.92359,145.76091,"PP15-1",0,2013-01-22,2013-01-29,TRUE,0,0,NA,NA,NA,NA,NA,NA,NA,NA,21,28,7
"158",55377,-16.91715,145.76301,"PP28",0,2013-01-29,2013-02-05,TRUE,0,0,NA,NA,NA,NA,NA,NA,NA,NA,28,35,7
"159",623,-16.92215,145.76311,"PP31",0,2013-01-29,2013-02-05,TRUE,10,6,10,10,1,0,6,6,1,0,28,35,7
"160",21693,-16.91975,145.76381,"PP27",0,2013-01-29,2013-02-05,TRUE,8,3,8,8,2,0,3,3,2,0,28,35,7
"161",53343,-16.91735,145.76202,"PP29",0,2013-01-29,2013-02-05,TRUE,20,17,20,20,7,0,17,17,6,0,28,35,7
"162",47501,-16.91546,145.76033,"PP30",0,2013-01-29,2013-02-05,TRUE,18,5,18,18,4,0,5,5,1,0,28,35,7
"163",900029,-16.91801,145.76245,"PP44",0,2013-01-29,2013-02-05,TRUE,19,10,18,18,3,0,10,10,2,0,28,35,7
"164",47457,-16.91626,145.76032,"PP24",0,2013-01-29,2013-02-05,TRUE,13,4,13,13,11,0,4,4,4,0,28,35,7
"165",23970,-16.9205,145.7664,"PP01",0,2013-01-29,2013-02-05,TRUE,58,27,58,58,9,0,27,27,7,0,28,35,7
"166",26687,-16.92112,145.76051,"PP12",0,2013-01-29,2013-02-05,TRUE,58,101,58,58,15,0,101,101,23,0,28,35,7
"167",67089,-16.91863,145.76443,"PP26",0,2013-01-29,2013-02-05,TRUE,18,13,18,18,14,0,13,13,9,0,28,35,7
"168",23463,-16.91717,145.76106,"PP11-1",0,2013-01-29,2013-02-05,TRUE,7,1,7,7,3,0,1,1,0,0,28,35,7
"169",22950,-16.91897,145.76313,"PP25",0,2013-01-29,2013-02-05,TRUE,16,6,16,16,7,0,6,6,5,0,28,35,7
"170",573,-16.92339,145.76163,"PP10",0,2013-01-29,2013-02-05,TRUE,9,9,9,9,6,0,9,9,4,0,28,35,7
"171",602,-16.92344,145.76225,"PP09",0,2013-01-29,2013-02-05,TRUE,18,13,18,18,11,0,13,13,4,0,28,35,7
"172",619,-16.92303,145.76327,"PP08",0,2013-01-29,2013-02-05,TRUE,12,9,12,12,4,0,9,9,3,0,28,35,7
"173",626,-16.92237,145.7633,"PP07",0,2013-01-29,2013-02-05,TRUE,15,7,15,15,3,0,7,7,2,0,28,35,7
"174",651,-16.92109,145.76342,"PP06",0,2013-01-29,2013-02-05,TRUE,12,5,12,12,8,0,5,5,1,0,28,35,7
"175",643,-16.92186,145.76408,"PP05",0,2013-01-29,2013-02-05,TRUE,15,18,15,15,5,0,18,18,8,0,28,35,7
"176",26646,-16.92096,145.76434,"PP04",0,2013-01-29,2013-02-05,TRUE,0,0,NA,NA,NA,NA,NA,NA,NA,NA,28,35,7
"177",13424,-16.91982,145.7657,"PP02",0,2013-01-29,2013-02-05,TRUE,10,2,10,10,8,0,2,2,0,0,28,35,7
"178",478,-16.91868,145.76137,"PP17",0,2013-01-29,2013-02-05,TRUE,12,2,12,12,8,0,2,2,1,0,28,35,7
"179",450,-16.91655,145.75955,"PP23",0,2013-01-29,2013-02-05,TRUE,10,1,10,10,5,0,1,1,1,0,28,35,7
"180",35627,-16.91646,145.75845,"PP21",0,2013-01-29,2013-02-05,TRUE,10,1,10,10,3,0,1,1,1,0,28,35,7
"181",435,-16.91749,145.75932,"PP20-1",0,2013-01-29,2013-02-05,TRUE,9,11,9,9,0,0,11,11,3,0,28,35,7
"182",36629,-16.92062,145.76477,"PP03",0,2013-01-29,2013-02-05,TRUE,3,0,3,3,2,0,NA,NA,NA,NA,28,35,7
"183",494,-16.91929,145.76012,"PP18",0,2013-01-29,2013-02-05,TRUE,25,83,25,25,5,0,83,83,31,0,28,35,7
"184",35611,-16.92006,145.76126,"PP16",0,2013-01-29,2013-02-05,TRUE,2,0,2,2,2,0,NA,NA,NA,NA,28,35,7
"185",44074,-16.92359,145.76091,"PP15-1",0,2013-01-29,2013-02-05,TRUE,2,0,2,2,2,0,NA,NA,NA,NA,28,35,7
"186",6511,-16.92036,145.76231,"PP14",0,2013-01-29,2013-02-05,TRUE,26,51,27,27,3,0,51,51,17,0,28,35,7
"187",12036,-16.92137,145.76194,"PP13",0,2013-01-29,2013-02-05,TRUE,11,9,11,11,3,0,9,9,7,0,28,35,7
"188",507,-16.91866,145.75994,"PP19",0,2013-01-29,2013-02-05,TRUE,11,3,11,11,2,0,3,3,0,0,28,35,7
"189",67089,-16.91863,145.76443,"PP26",0,2013-02-05,2013-02-12,TRUE,6,8,6,6,3,0,8,8,6,0,35,42,7
"190",53343,-16.91735,145.76202,"PP29",0,2013-02-05,2013-02-12,TRUE,15,12,15,15,3,0,12,12,2,0,35,42,7
"191",21693,-16.91975,145.76381,"PP27",0,2013-02-05,2013-02-12,TRUE,4,5,4,4,4,0,5,5,2,0,35,42,7
"192",55377,-16.91715,145.76301,"PP28",0,2013-02-05,2013-02-12,TRUE,0,0,NA,NA,NA,NA,NA,NA,NA,NA,35,42,7
"193",900029,-16.91801,145.76245,"PP44",0,2013-02-05,2013-02-12,TRUE,0,1,NA,NA,NA,NA,1,1,0,0,35,42,7
"194",47501,-16.91546,145.76033,"PP30",0,2013-02-05,2013-02-12,TRUE,11,0,11,11,6,0,NA,NA,NA,NA,35,42,7
"195",623,-16.92215,145.76311,"PP31",0,2013-02-05,2013-02-12,TRUE,7,6,7,7,3,0,6,6,4,0,35,42,7
"196",36629,-16.92062,145.76477,"PP03",0,2013-02-05,2013-02-12,TRUE,5,0,5,5,4,0,NA,NA,NA,NA,35,42,7
"197",13424,-16.91982,145.7657,"PP02",0,2013-02-05,2013-02-12,TRUE,12,3,12,12,4,0,3,3,2,0,35,42,7
"198",26646,-16.92096,145.76434,"PP04",0,2013-02-05,2013-02-12,TRUE,1,0,1,1,1,0,NA,NA,NA,NA,35,42,7
"199",643,-16.92186,145.76408,"PP05",0,2013-02-05,2013-02-12,TRUE,7,4,7,7,7,0,4,4,3,0,35,42,7
"200",651,-16.92109,145.76342,"PP06",0,2013-02-05,2013-02-12,TRUE,15,2,15,15,9,0,2,2,0,0,35,42,7
"201",626,-16.92237,145.7633,"PP07",0,2013-02-05,2013-02-12,TRUE,3,13,3,3,2,0,13,13,3,0,35,42,7
"202",619,-16.92303,145.76327,"PP08",0,2013-02-05,2013-02-12,TRUE,4,6,4,4,2,0,6,6,1,0,35,42,7
"203",602,-16.92344,145.76225,"PP09",0,2013-02-05,2013-02-12,TRUE,12,9,12,12,3,NA,9,9,6,0,35,42,7
"204",23463,-16.91717,145.76106,"PP11-1",0,2013-02-05,2013-02-12,TRUE,6,0,6,6,5,0,NA,NA,NA,NA,35,42,7
"205",26687,-16.92112,145.76051,"PP12",0,2013-02-05,2013-02-12,TRUE,34,30,34,34,13,0,30,30,14,0,35,42,7
"206",12036,-16.92137,145.76194,"PP13",0,2013-02-05,2013-02-12,TRUE,15,10,15,15,9,0,10,10,9,0,35,42,7
"207",6511,-16.92036,145.76231,"PP14",0,2013-02-05,2013-02-12,TRUE,29,27,29,29,10,0,27,27,14,0,35,42,7
"208",435,-16.91749,145.75932,"PP20-1",0,2013-02-05,2013-02-12,TRUE,20,18,20,20,9,0,18,18,5,0,35,42,7
"209",23970,-16.9205,145.7664,"PP01",0,2013-02-05,2013-02-12,TRUE,33,8,33,33,7,0,8,8,2,0,35,42,7
"210",450,-16.91655,145.75955,"PP23",0,2013-02-05,2013-02-12,TRUE,16,5,16,16,9,0,5,5,3,0,35,42,7
"211",35627,-16.91646,145.75845,"PP21",0,2013-02-05,2013-02-12,TRUE,2,0,2,2,1,0,NA,NA,NA,NA,35,42,7
"212",47457,-16.91626,145.76032,"PP24",0,2013-02-05,2013-02-12,TRUE,6,0,6,6,5,0,NA,NA,NA,NA,35,42,7
"213",507,-16.91866,145.75994,"PP19",0,2013-02-05,2013-02-12,TRUE,10,2,10,10,4,0,2,2,0,0,35,42,7
"214",494,-16.91929,145.76012,"PP18",0,2013-02-05,2013-02-12,TRUE,22,42,22,22,10,0,42,42,13,0,35,42,7
"215",478,-16.91868,145.76137,"PP17",0,2013-02-05,2013-02-12,TRUE,7,1,7,7,7,0,1,1,1,0,35,42,7
"216",35611,-16.92006,145.76126,"PP16",0,2013-02-05,2013-02-12,TRUE,1,0,1,1,1,0,NA,NA,NA,NA,35,42,7
"217",22950,-16.91897,145.76313,"PP25",0,2013-02-05,2013-02-12,TRUE,16,5,16,16,10,0,5,5,1,0,35,42,7
"218",44074,-16.92359,145.76091,"PP15-1",0,2013-02-05,2013-02-12,TRUE,3,0,3,3,2,0,NA,NA,NA,NA,35,42,7
"219",427,-16.91646,145.75903,"PP22",0,2013-02-05,2013-02-12,TRUE,1,1,1,1,1,0,1,1,1,0,35,42,7
"220",623,-16.92215,145.76311,"PP31",0,2013-02-12,2013-02-19,TRUE,8,6,8,8,0,0,6,6,1,0,42,49,7
"221",47501,-16.91546,145.76033,"PP30",0,2013-02-12,2013-02-19,TRUE,7,1,7,7,4,0,1,1,0,0,42,49,7
"222",53343,-16.91735,145.76202,"PP29",0,2013-02-12,2013-02-19,TRUE,18,37,18,18,4,0,37,37,16,0,42,49,7
"223",21693,-16.91975,145.76381,"PP27",0,2013-02-12,2013-02-19,TRUE,11,1,11,11,8,0,1,1,0,0,42,49,7
"224",900029,-16.91801,145.76245,"PP44",0,2013-02-12,2013-02-19,TRUE,2,0,2,2,1,0,NA,NA,NA,NA,42,49,7
"225",55377,-16.91715,145.76301,"PP28",0,2013-02-12,2013-02-19,TRUE,0,0,NA,NA,NA,NA,NA,NA,NA,NA,42,49,7
"226",67089,-16.91863,145.76443,"PP26",0,2013-02-12,2013-02-19,TRUE,13,9,13,13,7,0,9,9,7,0,42,49,7
"227",626,-16.92237,145.7633,"PP07",0,2013-02-12,2013-02-19,TRUE,7,5,7,7,3,0,5,5,2,0,42,49,7
"228",22950,-16.91897,145.76313,"PP25",0,2013-02-12,2013-02-19,TRUE,17,8,17,17,6,0,8,8,5,0,42,49,7
"229",13424,-16.91982,145.7657,"PP02",0,2013-02-12,2013-02-19,TRUE,13,5,13,13,5,0,5,5,2,0,42,49,7
"230",36629,-16.92062,145.76477,"PP03",0,2013-02-12,2013-02-19,TRUE,4,3,4,4,3,0,3,3,2,0,42,49,7
"231",651,-16.92109,145.76342,"PP06",0,2013-02-12,2013-02-19,TRUE,3,2,3,3,1,0,2,2,2,0,42,49,7
"232",23970,-16.9205,145.7664,"PP01",0,2013-02-12,2013-02-19,TRUE,51,18,50,50,17,0,18,18,8,0,42,49,7
"233",619,-16.92303,145.76327,"PP08",0,2013-02-12,2013-02-19,TRUE,5,4,5,5,4,0,4,4,2,0,42,49,7
"234",602,-16.92344,145.76225,"PP09",0,2013-02-12,2013-02-19,TRUE,12,20,12,12,8,0,20,20,7,0,42,49,7
"235",573,-16.92339,145.76163,"PP10",0,2013-02-12,2013-02-19,TRUE,10,6,10,10,7,0,6,6,2,0,42,49,7
"236",23463,-16.91717,145.76106,"PP11-1",0,2013-02-12,2013-02-19,TRUE,9,0,9,9,4,0,NA,NA,NA,NA,42,49,7
"237",26687,-16.92112,145.76051,"PP12",0,2013-02-12,2013-02-19,TRUE,26,26,26,26,12,0,26,26,3,0,42,49,7
"238",435,-16.91749,145.75932,"PP20-1",0,2013-02-12,2013-02-19,TRUE,15,12,15,15,10,0,12,12,8,0,42,49,7
"239",47457,-16.91626,145.76032,"PP24",0,2013-02-12,2013-02-19,TRUE,8,0,8,8,5,0,NA,NA,NA,NA,42,49,7
"240",643,-16.92186,145.76408,"PP05",0,2013-02-12,2013-02-19,TRUE,4,11,4,4,2,0,11,11,5,0,42,49,7
"241",12036,-16.92137,145.76194,"PP13",0,2013-02-12,2013-02-19,TRUE,17,4,17,17,11,0,4,4,1,0,42,49,7
"242",35627,-16.91646,145.75845,"PP21",0,2013-02-12,2013-02-19,TRUE,6,0,6,6,3,0,NA,NA,NA,NA,42,49,7
"243",450,-16.91655,145.75955,"PP23",0,2013-02-12,2013-02-19,TRUE,12,1,12,12,7,0,1,1,0,0,42,49,7
"244",507,-16.91866,145.75994,"PP19",0,2013-02-12,2013-02-19,TRUE,8,4,8,8,3,0,4,4,2,0,42,49,7
"245",494,-16.91929,145.76012,"PP18",0,2013-02-12,2013-02-19,TRUE,20,45,20,20,10,0,45,45,19,0,42,49,7
"246",478,-16.91868,145.76137,"PP17",0,2013-02-12,2013-02-19,TRUE,4,2,4,4,2,0,2,2,2,0,42,49,7
"247",35611,-16.92006,145.76126,"PP16",0,2013-02-12,2013-02-19,TRUE,0,0,NA,NA,NA,NA,NA,NA,NA,NA,42,49,7
"248",6511,-16.92036,145.76231,"PP14",0,2013-02-12,2013-02-19,TRUE,17,24,17,17,7,0,25,25,5,0,42,49,7
"249",427,-16.91646,145.75903,"PP22",0,2013-02-12,2013-02-19,TRUE,5,1,5,5,5,0,1,1,1,0,42,49,7
"250",623,-16.92215,145.76311,"PP31",0,2013-02-19,2013-02-26,TRUE,6,4,6,6,1,0,4,4,3,0,49,56,7
"251",47501,-16.91546,145.76033,"PP30",0,2013-02-19,2013-02-26,TRUE,12,2,12,12,2,0,2,2,0,0,49,56,7
"252",53343,-16.91735,145.76202,"PP29",0,2013-02-19,2013-02-26,TRUE,11,24,11,11,5,0,24,24,7,0,49,56,7
"253",21693,-16.91975,145.76381,"PP27",0,2013-02-19,2013-02-26,TRUE,4,2,4,4,2,0,2,2,1,0,49,56,7
"254",55377,-16.91715,145.76301,"PP28",0,2013-02-19,2013-02-26,TRUE,2,0,2,2,0,0,NA,NA,NA,NA,49,56,7
"255",47457,-16.91626,145.76032,"PP24",0,2013-02-19,2013-02-26,TRUE,8,2,8,8,4,0,2,2,0,0,49,56,7
"256",626,-16.92237,145.7633,"PP07",0,2013-02-19,2013-02-26,TRUE,9,4,9,9,4,0,4,4,1,0,49,56,7
"257",67089,-16.91863,145.76443,"PP26",0,2013-02-19,2013-02-26,TRUE,11,14,11,11,8,0,14,14,14,0,49,56,7
"258",22950,-16.91897,145.76313,"PP25",0,2013-02-19,2013-02-26,TRUE,14,8,14,14,7,0,8,8,3,0,49,56,7
"259",23970,-16.9205,145.7664,"PP01",0,2013-02-19,2013-02-26,TRUE,31,21,31,31,5,0,21,21,4,0,49,56,7
"260",13424,-16.91982,145.7657,"PP02",0,2013-02-19,2013-02-26,TRUE,8,6,8,8,2,0,6,6,4,0,49,56,7
"261",36629,-16.92062,145.76477,"PP03",0,2013-02-19,2013-02-26,TRUE,7,1,7,7,6,0,1,1,1,0,49,56,7
"262",651,-16.92109,145.76342,"PP06",0,2013-02-19,2013-02-26,TRUE,13,4,13,13,8,0,4,4,2,0,49,56,7
"263",619,-16.92303,145.76327,"PP08",0,2013-02-19,2013-02-26,TRUE,17,11,17,17,9,0,11,11,8,0,49,56,7
"264",602,-16.92344,145.76225,"PP09",0,2013-02-19,2013-02-26,TRUE,14,26,14,14,4,0,26,26,8,0,49,56,7
"265",573,-16.92339,145.76163,"PP10",0,2013-02-19,2013-02-26,TRUE,6,5,6,6,3,0,5,5,2,0,49,56,7
"266",23463,-16.91717,145.76106,"PP11-1",0,2013-02-19,2013-02-26,TRUE,7,0,7,7,4,0,NA,NA,NA,NA,49,56,7
"267",35627,-16.91646,145.75845,"PP21",0,2013-02-19,2013-02-26,TRUE,5,1,5,5,1,0,1,1,0,0,49,56,7
"268",450,-16.91655,145.75955,"PP23",0,2013-02-19,2013-02-26,TRUE,5,2,5,5,1,0,2,2,1,0,49,56,7
"269",643,-16.92186,145.76408,"PP05",0,2013-02-19,2013-02-26,TRUE,17,9,17,17,11,0,9,9,7,0,49,56,7
"270",427,-16.91646,145.75903,"PP22",0,2013-02-19,2013-02-26,TRUE,0,1,NA,NA,NA,NA,1,1,0,0,49,56,7
"271",26687,-16.92112,145.76051,"PP12",0,2013-02-19,2013-02-26,TRUE,53,50,53,53,18,0,51,51,4,0,49,56,7
"272",435,-16.91749,145.75932,"PP20-1",0,2013-02-19,2013-02-26,TRUE,11,15,11,11,7,0,15,15,1,0,49,56,7
"273",494,-16.91929,145.76012,"PP18",0,2013-02-19,2013-02-26,TRUE,37,56,37,37,20,0,56,56,26,0,49,56,7
"274",478,-16.91868,145.76137,"PP17",0,2013-02-19,2013-02-26,TRUE,9,3,9,9,6,0,3,3,1,0,49,56,7
"275",35611,-16.92006,145.76126,"PP16",0,2013-02-19,2013-02-26,TRUE,1,0,1,1,0,0,NA,NA,NA,NA,49,56,7
"276",44074,-16.92359,145.76091,"PP15-1",0,2013-02-19,2013-02-26,TRUE,1,0,1,1,1,0,NA,NA,NA,NA,49,56,7
"277",6511,-16.92036,145.76231,"PP14",0,2013-02-19,2013-02-26,TRUE,17,34,17,17,9,0,34,34,8,0,49,56,7
"278",12036,-16.92137,145.76194,"PP13",0,2013-02-19,2013-02-26,TRUE,17,4,16,16,11,0,4,4,1,0,49,56,7
"279",53343,-16.91735,145.76202,"PP29",0,2013-02-26,2013-03-05,TRUE,8,34,8,8,4,0,34,34,21,0,56,63,7
"280",21693,-16.91975,145.76381,"PP27",0,2013-02-26,2013-03-05,TRUE,10,5,10,10,5,0,5,5,0,0,56,63,7
"281",623,-16.92215,145.76311,"PP31",0,2013-02-26,2013-03-05,TRUE,8,7,8,8,6,0,7,7,3,0,56,63,7
"282",67089,-16.91863,145.76443,"PP26",0,2013-02-26,2013-03-05,TRUE,12,18,12,12,8,0,18,18,16,0,56,63,7
"283",900029,-16.91801,145.76245,"PP44",0,2013-02-25,2013-03-05,TRUE,36,13,36,36,19,0,13,13,8,0,55,63,8
"284",55377,-16.91715,145.76301,"PP28",0,2013-02-26,2013-03-05,TRUE,1,1,1,1,1,0,1,1,0,0,56,63,7
"285",36629,-16.92062,145.76477,"PP03",0,2013-02-26,2013-03-05,TRUE,9,3,9,9,5,0,3,3,0,0,56,63,7
"286",13424,-16.91982,145.7657,"PP02",0,2013-02-26,2013-03-05,TRUE,3,1,3,3,2,0,1,1,0,0,56,63,7
"287",26646,-16.92096,145.76434,"PP04",0,2013-02-12,2013-03-05,TRUE,2,0,2,2,1,0,NA,NA,NA,NA,42,63,21
"288",643,-16.92186,145.76408,"PP05",0,2013-02-26,2013-03-05,TRUE,3,0,3,3,1,0,NA,NA,NA,NA,56,63,7
"289",651,-16.92109,145.76342,"PP06",0,2013-02-26,2013-03-05,TRUE,9,2,9,9,7,0,2,2,1,0,56,63,7
"290",626,-16.92237,145.7633,"PP07",0,2013-02-26,2013-03-05,TRUE,8,1,8,8,3,0,1,1,0,0,56,63,7
"291",619,-16.92303,145.76327,"PP08",0,2013-02-26,2013-03-05,TRUE,6,7,6,6,3,0,7,7,1,0,56,63,7
"292",602,-16.92344,145.76225,"PP09",0,2013-02-26,2013-03-05,TRUE,11,14,11,11,6,0,14,14,9,0,56,63,7
"293",573,-16.92339,145.76163,"PP10",0,2013-02-26,2013-03-05,TRUE,5,1,5,5,4,0,1,1,0,0,56,63,7
"294",23463,-16.91717,145.76106,"PP11-1",0,2013-02-26,2013-03-05,TRUE,2,0,2,2,2,0,NA,NA,NA,NA,56,63,7
"295",26687,-16.92112,145.76051,"PP12",0,2013-02-26,2013-03-05,TRUE,48,43,48,48,23,0,43,43,12,0,56,63,7
"296",12036,-16.92137,145.76194,"PP13",0,2013-02-26,2013-03-05,TRUE,15,11,15,15,11,0,11,11,5,0,56,63,7
"297",6511,-16.92036,145.76231,"PP14",0,2013-02-26,2013-03-05,TRUE,31,52,31,31,15,0,52,52,28,0,56,63,7
"298",22950,-16.91897,145.76313,"PP25",0,2013-02-26,2013-03-05,TRUE,26,1,26,26,9,0,1,1,1,0,56,63,7
"299",23970,-16.9205,145.7664,"PP01",0,2013-02-26,2013-03-05,TRUE,25,20,25,25,8,0,19,19,0,0,56,63,7
"300",450,-16.91655,145.75955,"PP23",0,2013-02-26,2013-03-05,TRUE,0,2,NA,NA,NA,NA,2,2,1,0,56,63,7
"301",427,-16.91646,145.75903,"PP22",0,2013-02-26,2013-03-05,TRUE,2,0,2,2,1,0,NA,NA,NA,NA,56,63,7
"302",47457,-16.91626,145.76032,"PP24",0,2013-02-26,2013-03-05,TRUE,3,2,3,3,2,0,2,2,0,0,56,63,7
"303",35627,-16.91646,145.75845,"PP21",0,2013-02-26,2013-03-05,TRUE,3,2,3,3,1,0,2,2,0,0,56,63,7
"304",435,-16.91749,145.75932,"PP20-1",0,2013-02-26,2013-03-05,TRUE,9,6,9,9,1,0,6,6,1,0,56,63,7
"305",507,-16.91866,145.75994,"PP19",0,2013-02-26,2013-03-05,TRUE,3,0,3,3,3,0,NA,NA,NA,NA,56,63,7
"306",494,-16.91929,145.76012,"PP18",0,2013-02-26,2013-03-05,TRUE,17,26,17,17,8,0,26,26,11,0,56,63,7
"307",478,-16.91868,145.76137,"PP17",0,2013-02-26,2013-03-05,TRUE,13,1,13,13,7,0,1,1,1,0,56,63,7
"308",35611,-16.92006,145.76126,"PP16",0,2013-02-26,2013-03-05,TRUE,2,0,2,2,2,0,NA,NA,NA,NA,56,63,7
"309",47501,-16.91546,145.76033,"PP30",0,2013-02-26,2013-03-05,TRUE,1,0,1,1,0,0,NA,NA,NA,NA,56,63,7
"310",900029,-16.91801,145.76245,"PP44",0,2013-03-05,2013-03-12,TRUE,14,4,14,14,9,0,4,4,2,0,63,70,7
"311",623,-16.92215,145.76311,"PP31",0,2013-03-05,2013-03-12,TRUE,7,8,7,7,4,0,8,8,3,0,63,70,7
"312",55377,-16.91715,145.76301,"PP28",0,2013-03-05,2013-03-12,TRUE,1,4,1,1,0,0,4,4,2,0,63,70,7
"313",47501,-16.91546,145.76033,"PP30",0,2013-03-05,2013-03-12,TRUE,8,1,8,8,2,0,1,1,0,0,63,70,7
"314",67089,-16.91863,145.76443,"PP26",0,2013-03-05,2013-03-12,TRUE,12,4,12,12,7,0,4,4,2,0,63,70,7
"315",21693,-16.91975,145.76381,"PP27",0,2013-03-05,2013-03-12,TRUE,13,5,13,13,9,0,5,5,2,0,63,70,7
"316",53343,-16.91735,145.76202,"PP29",0,2013-03-05,2013-03-12,TRUE,13,107,13,13,7,0,108,108,70,0,63,70,7
"317",22950,-16.91897,145.76313,"PP25",0,2013-03-05,2013-03-12,TRUE,16,5,16,16,12,0,5,5,2,0,63,70,7
"318",23970,-16.9205,145.7664,"PP01",0,2013-03-05,2013-03-12,TRUE,33,12,33,33,10,0,12,12,5,0,63,70,7
"319",13424,-16.91982,145.7657,"PP02",0,2013-03-05,2013-03-12,TRUE,2,0,2,2,0,0,NA,NA,NA,NA,63,70,7
"320",36629,-16.92062,145.76477,"PP03",0,2013-03-05,2013-03-12,TRUE,6,1,6,6,6,0,1,1,1,0,63,70,7
"321",26646,-16.92096,145.76434,"PP04",0,2013-03-05,2013-03-12,TRUE,4,1,4,4,3,0,1,1,1,0,63,70,7
"322",651,-16.92109,145.76342,"PP06",0,2013-03-05,2013-03-12,TRUE,11,2,11,11,3,0,2,2,2,0,63,70,7
"323",619,-16.92303,145.76327,"PP08",0,2013-03-05,2013-03-12,TRUE,3,1,3,3,2,0,1,1,1,0,63,70,7
"324",602,-16.92344,145.76225,"PP09",0,2013-03-05,2013-03-12,TRUE,10,12,10,10,6,0,12,12,8,0,63,70,7
"325",573,-16.92339,145.76163,"PP10",0,2013-03-05,2013-03-12,TRUE,8,3,8,8,5,0,3,3,1,0,63,70,7
"326",23463,-16.91717,145.76106,"PP11-1",0,2013-03-05,2013-03-12,TRUE,3,1,3,3,1,0,1,1,0,0,63,70,7
"327",26687,-16.92112,145.76051,"PP12",0,2013-03-05,2013-03-12,TRUE,31,24,31,31,19,0,24,24,7,0,63,70,7
"328",12036,-16.92137,145.76194,"PP13",0,2013-03-05,2013-03-12,TRUE,8,7,8,8,6,0,7,7,6,0,63,70,7
"329",35627,-16.91646,145.75845,"PP21",0,2013-03-05,2013-03-12,TRUE,3,3,3,3,2,0,3,3,0,0,63,70,7
"330",47457,-16.91626,145.76032,"PP24",0,2013-03-05,2013-03-12,TRUE,4,0,4,4,0,0,NA,NA,NA,NA,63,70,7
"331",643,-16.92186,145.76408,"PP05",0,2013-03-05,2013-03-12,TRUE,9,0,9,9,5,0,NA,NA,NA,NA,63,70,7
"332",6511,-16.92036,145.76231,"PP14",0,2013-03-05,2013-03-12,TRUE,16,33,16,16,8,0,33,33,15,0,63,70,7
"333",450,-16.91655,145.75955,"PP23",0,2013-03-05,2013-03-12,TRUE,2,0,2,2,0,0,NA,NA,NA,NA,63,70,7
"334",427,-16.91646,145.75903,"PP22",0,2013-03-05,2013-03-12,TRUE,1,0,1,1,1,0,NA,NA,NA,NA,63,70,7
"335",435,-16.91749,145.75932,"PP20-1",0,2013-03-05,2013-03-12,TRUE,7,11,7,7,3,0,11,11,4,0,63,70,7
"336",507,-16.91866,145.75994,"PP19",0,2013-03-05,2013-03-12,TRUE,11,0,11,11,10,0,NA,NA,NA,NA,63,70,7
"337",494,-16.91929,145.76012,"PP18",0,2013-03-05,2013-03-12,TRUE,6,15,6,6,4,0,15,15,6,0,63,70,7
"338",478,-16.91868,145.76137,"PP17",0,2013-03-05,2013-03-12,TRUE,5,2,5,5,4,0,2,2,2,0,63,70,7
"339",35611,-16.92006,145.76126,"PP16",0,2013-03-05,2013-03-12,TRUE,0,0,NA,NA,NA,NA,NA,NA,NA,NA,63,70,7
"340",44074,-16.92359,145.76091,"PP15-1",0,2013-03-05,2013-03-12,TRUE,10,4,10,10,4,0,4,4,4,0,63,70,7
"341",47457,-16.91626,145.76032,"PP24",0,2013-03-12,2013-03-19,TRUE,9,2,9,9,6,0,2,2,2,0,70,77,7
"342",53343,-16.91735,145.76202,"PP29",0,2013-03-12,2013-03-19,TRUE,29,31,29,29,16,0,31,31,12,0,70,77,7
"343",900029,-16.91801,145.76245,"PP44",0,2013-03-12,2013-03-19,TRUE,12,1,12,12,8,0,1,1,0,0,70,77,7
"344",623,-16.92215,145.76311,"PP31",0,2013-03-12,2013-03-19,TRUE,3,8,3,3,3,0,8,8,2,0,70,77,7
"345",47501,-16.91546,145.76033,"PP30",0,2013-03-12,2013-03-19,TRUE,4,1,4,4,0,0,1,1,1,0,70,77,7
"346",55377,-16.91715,145.76301,"PP28",0,2013-03-12,2013-03-19,TRUE,3,1,3,3,1,0,1,1,0,0,70,77,7
"347",21693,-16.91975,145.76381,"PP27",0,2013-03-12,2013-03-19,TRUE,12,7,12,12,8,0,7,7,3,0,70,77,7
"348",67089,-16.91863,145.76443,"PP26",0,2013-03-12,2013-03-19,TRUE,8,5,8,8,3,0,5,5,5,0,70,77,7
"349",427,-16.91646,145.75903,"PP22",0,2013-03-12,2013-03-19,TRUE,0,0,NA,NA,NA,NA,NA,NA,NA,NA,70,77,7
"350",450,-16.91655,145.75955,"PP23",0,2013-03-12,2013-03-19,TRUE,4,1,4,4,1,0,1,1,0,0,70,77,7
"351",22950,-16.91897,145.76313,"PP25",0,2013-03-12,2013-03-19,TRUE,21,9,21,21,18,0,9,9,9,0,70,77,7
"352",13424,-16.91982,145.7657,"PP02",0,2013-03-12,2013-03-19,TRUE,1,0,1,1,0,0,NA,NA,NA,NA,70,77,7
"353",35627,-16.91646,145.75845,"PP21",0,2013-03-12,2013-03-19,TRUE,2,1,2,2,1,0,1,1,0,0,70,77,7
"354",651,-16.92109,145.76342,"PP06",0,2013-03-12,2013-03-19,TRUE,3,2,3,3,1,0,2,2,2,0,70,77,7
"355",23970,-16.9205,145.7664,"PP01",0,2013-03-12,2013-03-19,TRUE,35,9,35,35,6,0,9,9,6,0,70,77,7
"356",26646,-16.92096,145.76434,"PP04",0,2013-03-12,2013-03-19,TRUE,2,0,2,2,2,0,NA,NA,NA,NA,70,77,7
"357",435,-16.91749,145.75932,"PP20-1",0,2013-03-12,2013-03-19,TRUE,7,7,7,7,4,0,7,7,3,0,70,77,7
"358",626,-16.92237,145.7633,"PP07",0,2013-03-12,2013-03-19,TRUE,8,4,8,8,7,0,4,4,3,0,70,77,7
"359",619,-16.92303,145.76327,"PP08",0,2013-03-12,2013-03-19,TRUE,10,7,10,10,7,0,7,7,7,0,70,77,7
"360",602,-16.92344,145.76225,"PP09",0,2013-03-12,2013-03-19,TRUE,13,4,13,13,8,0,4,4,3,0,70,77,7
"361",573,-16.92339,145.76163,"PP10",0,2013-03-12,2013-03-19,TRUE,12,10,12,12,11,0,10,10,10,0,70,77,7
"362",23463,-16.91717,145.76106,"PP11-1",0,2013-03-12,2013-03-19,TRUE,6,0,6,6,4,0,NA,NA,NA,NA,70,77,7
"363",26687,-16.92112,145.76051,"PP12",0,2013-03-12,2013-03-19,TRUE,50,41,50,50,23,0,41,41,20,0,70,77,7
"364",12036,-16.92137,145.76194,"PP13",0,2013-03-12,2013-03-19,TRUE,33,16,33,33,20,0,16,16,11,0,70,77,7
"365",6511,-16.92036,145.76231,"PP14",0,2013-03-12,2013-03-19,TRUE,18,19,18,18,9,0,19,19,8,0,70,77,7
"366",44074,-16.92359,145.76091,"PP15-1",0,2013-03-12,2013-03-19,TRUE,5,6,5,5,4,0,6,6,5,0,70,77,7
"367",35611,-16.92006,145.76126,"PP16",0,2013-03-12,2013-03-19,TRUE,2,1,2,2,2,0,1,1,0,0,70,77,7
"368",494,-16.91929,145.76012,"PP18",0,2013-03-12,2013-03-19,TRUE,12,35,12,12,7,0,35,35,23,0,70,77,7
"369",507,-16.91866,145.75994,"PP19",0,2013-03-12,2013-03-19,TRUE,7,3,7,7,4,0,3,3,3,0,70,77,7
"370",478,-16.91868,145.76137,"PP17",0,2013-03-12,2013-03-19,TRUE,10,4,10,10,6,0,4,4,3,0,70,77,7
"371",36629,-16.92062,145.76477,"PP03",0,2013-03-12,2013-03-19,TRUE,3,0,3,3,1,0,NA,NA,NA,NA,70,77,7
"372",22950,-16.91897,145.76313,"PP25",0,2013-03-19,2013-03-26,TRUE,29,8,29,29,25,0,8,8,6,0,77,84,7
"373",900029,-16.91801,145.76245,"PP44",0,2013-03-19,2013-03-26,TRUE,12,8,12,12,9,0,8,8,2,0,77,84,7
"374",623,-16.92215,145.76311,"PP31",0,2013-03-19,2013-03-26,TRUE,9,2,9,9,7,0,2,2,1,0,77,84,7
"375",47501,-16.91546,145.76033,"PP30",0,2013-03-19,2013-03-26,TRUE,21,2,21,21,12,0,2,2,1,0,77,84,7
"376",53343,-16.91735,145.76202,"PP29",0,2013-03-19,2013-03-26,TRUE,11,9,11,11,8,0,9,9,6,0,77,84,7
"377",55377,-16.91715,145.76301,"PP28",0,2013-03-19,2013-03-26,TRUE,2,1,2,2,1,0,1,1,1,0,77,84,7
"378",67089,-16.91863,145.76443,"PP26",0,2013-03-19,2013-03-26,TRUE,15,17,15,15,13,0,17,17,17,0,77,84,7
"379",47457,-16.91626,145.76032,"PP24",0,2013-03-19,2013-03-26,TRUE,10,3,10,10,9,0,3,3,3,0,77,84,7
"380",450,-16.91655,145.75955,"PP23",0,2013-03-19,2013-03-26,TRUE,14,11,14,14,11,0,11,11,11,0,77,84,7
"381",427,-16.91646,145.75903,"PP22",0,2013-03-19,2013-03-26,TRUE,7,4,7,7,7,0,4,4,4,0,77,84,7
"382",35627,-16.91646,145.75845,"PP21",0,2013-03-19,2013-03-26,TRUE,7,2,7,7,4,0,2,2,1,0,77,84,7
"383",435,-16.91749,145.75932,"PP20-1",0,2013-03-19,2013-03-26,TRUE,25,4,25,25,21,0,4,4,4,0,77,84,7
"384",507,-16.91866,145.75994,"PP19",0,2013-03-19,2013-03-26,TRUE,10,0,10,10,7,0,NA,NA,NA,NA,77,84,7
"385",21693,-16.91975,145.76381,"PP27",0,2013-03-19,2013-03-26,TRUE,18,4,18,18,17,0,4,4,4,0,77,84,7
"386",494,-16.91929,145.76012,"PP18",0,2013-03-19,2013-03-26,TRUE,9,12,9,9,8,0,12,12,8,0,77,84,7
"387",619,-16.92303,145.76327,"PP08",0,2013-03-19,2013-03-26,TRUE,13,3,13,13,12,0,3,3,1,0,77,84,7
"388",23970,-16.9205,145.7664,"PP01",0,2013-03-19,2013-03-26,TRUE,27,6,27,27,15,0,6,6,3,0,77,84,7
"389",13424,-16.91982,145.7657,"PP02",0,2013-03-19,2013-03-26,TRUE,6,1,6,6,4,0,1,1,1,0,77,84,7
"390",36629,-16.92062,145.76477,"PP03",0,2013-03-19,2013-03-26,TRUE,25,16,25,25,24,0,16,16,16,0,77,84,7
"391",26646,-16.92096,145.76434,"PP04",0,2013-03-19,2013-03-26,TRUE,7,3,7,7,7,0,3,3,2,0,77,84,7
"392",643,-16.92186,145.76408,"PP05",0,2013-03-19,2013-03-26,TRUE,10,2,10,10,9,0,2,2,2,0,77,84,7
"393",626,-16.92237,145.7633,"PP07",0,2013-03-19,2013-03-26,TRUE,18,20,18,18,12,0,20,20,17,0,77,84,7
"394",602,-16.92344,145.76225,"PP09",0,2013-03-19,2013-03-26,TRUE,0,0,NA,NA,NA,NA,NA,NA,NA,NA,77,84,7
"395",573,-16.92339,145.76163,"PP10",0,2013-03-19,2013-03-26,TRUE,10,10,10,10,7,0,10,10,10,0,77,84,7
"396",23463,-16.91717,145.76106,"PP11-1",0,2013-03-19,2013-03-26,TRUE,16,0,16,16,14,0,NA,NA,NA,NA,77,84,7
"397",26687,-16.92112,145.76051,"PP12",0,2013-03-19,2013-03-26,TRUE,25,11,25,25,15,0,11,11,6,0,77,84,7
"398",12036,-16.92137,145.76194,"PP13",0,2013-03-19,2013-03-26,TRUE,26,8,26,26,18,0,8,8,7,0,77,84,7
"399",44074,-16.92359,145.76091,"PP15-1",0,2013-03-19,2013-03-26,TRUE,11,20,11,11,10,0,20,20,20,0,77,84,7
"400",35611,-16.92006,145.76126,"PP16",0,2013-03-19,2013-03-26,TRUE,5,4,5,5,5,0,4,4,4,0,77,84,7
"401",478,-16.91868,145.76137,"PP17",0,2013-03-19,2013-03-26,TRUE,12,7,12,12,10,0,7,7,6,0,77,84,7
"402",6511,-16.92036,145.76231,"PP14",0,2013-03-19,2013-03-26,TRUE,15,23,15,15,11,0,23,23,20,0,77,84,7
"403",651,-16.92109,145.76342,"PP06",0,2013-03-19,2013-03-26,TRUE,8,2,8,8,7,0,2,2,2,0,77,84,7
"404",900029,-16.91801,145.76245,"PP44",0,2013-03-26,2013-04-03,TRUE,21,2,21,21,18,0,2,2,2,0,84,92,8
"405",623,-16.92215,145.76311,"PP31",0,2013-03-26,2013-04-03,TRUE,3,2,3,3,2,0,2,2,1,0,84,92,8
"406",47501,-16.91546,145.76033,"PP30",0,2013-03-26,2013-04-03,TRUE,6,4,6,6,4,0,4,4,4,0,84,92,8
"407",53343,-16.91735,145.76202,"PP29",0,2013-03-26,2013-04-03,TRUE,23,15,23,23,18,0,15,15,11,0,84,92,8
"408",55377,-16.91715,145.76301,"PP28",0,2013-03-26,2013-04-03,TRUE,3,0,3,3,2,0,NA,NA,NA,NA,84,92,8
"409",21693,-16.91975,145.76381,"PP27",0,2013-03-26,2013-04-03,TRUE,9,0,9,9,9,0,NA,NA,NA,NA,84,92,8
"410",67089,-16.91863,145.76443,"PP26",0,2013-03-26,2013-04-03,TRUE,12,9,12,12,11,0,9,9,9,0,84,92,8
"411",22950,-16.91897,145.76313,"PP25",0,2013-03-26,2013-04-03,TRUE,26,2,26,26,19,0,2,2,1,0,84,92,8
"412",494,-16.91929,145.76012,"PP18",0,2013-03-26,2013-04-03,TRUE,21,22,21,21,21,0,22,22,21,0,84,92,8
"413",507,-16.91866,145.75994,"PP19",0,2013-03-26,2013-04-03,TRUE,9,8,9,9,7,0,8,8,6,0,84,92,8
"414",435,-16.91749,145.75932,"PP20-1",0,2013-03-26,2013-04-03,TRUE,15,5,15,15,12,0,5,5,3,0,84,92,8
"415",35627,-16.91646,145.75845,"PP21",0,2013-03-26,2013-04-03,TRUE,14,8,14,14,14,0,8,8,7,0,84,92,8
"416",427,-16.91646,145.75903,"PP22",0,2013-03-26,2013-04-03,TRUE,5,3,5,5,5,0,3,3,3,0,84,92,8
"417",450,-16.91655,145.75955,"PP23",0,2013-03-26,2013-04-03,TRUE,13,3,13,13,12,0,3,3,3,0,84,92,8
"418",47457,-16.91626,145.76032,"PP24",0,2013-03-26,2013-04-03,TRUE,25,2,25,25,25,0,2,2,2,0,84,92,8
"419",602,-16.92344,145.76225,"PP09",0,2013-03-26,2013-04-03,TRUE,15,8,15,15,12,0,8,8,5,0,84,92,8
"420",36629,-16.92062,145.76477,"PP03",0,2013-03-26,2013-04-03,TRUE,8,4,8,8,8,0,4,4,4,0,84,92,8
"421",23463,-16.91717,145.76106,"PP11-1",0,2013-03-26,2013-04-03,TRUE,6,1,6,6,6,0,1,1,1,0,84,92,8
"422",35611,-16.92006,145.76126,"PP16",0,2013-03-26,2013-04-03,TRUE,4,0,4,4,3,0,NA,NA,NA,NA,84,92,8
"423",13424,-16.91982,145.7657,"PP02",0,2013-03-26,2013-04-03,TRUE,6,2,6,6,5,0,2,2,1,0,84,92,8
"424",26646,-16.92096,145.76434,"PP04",0,2013-03-26,2013-04-03,TRUE,3,1,3,3,3,0,1,1,1,0,84,92,8
"425",643,-16.92186,145.76408,"PP05",0,2013-03-26,2013-04-03,TRUE,23,17,23,23,21,0,17,17,15,0,84,92,8
"426",651,-16.92109,145.76342,"PP06",0,2013-03-26,2013-04-03,TRUE,5,0,5,5,5,0,NA,NA,NA,NA,84,92,8
"427",626,-16.92237,145.7633,"PP07",0,2013-03-26,2013-04-03,TRUE,11,8,11,11,10,0,8,8,5,0,84,92,8
"428",6511,-16.92036,145.76231,"PP14",0,2013-03-26,2013-04-03,TRUE,27,26,27,27,23,0,26,26,20,0,84,92,8
"429",573,-16.92339,145.76163,"PP10",0,2013-03-26,2013-04-03,TRUE,13,3,13,13,11,0,3,3,3,0,84,92,8
"430",26687,-16.92112,145.76051,"PP12",0,2013-03-26,2013-04-03,TRUE,29,9,29,29,16,0,9,9,5,0,84,92,8
"431",12036,-16.92137,145.76194,"PP13",0,2013-03-26,2013-04-03,TRUE,35,14,35,35,30,0,14,14,9,0,84,92,8
"432",619,-16.92303,145.76327,"PP08",0,2013-03-26,2013-04-03,TRUE,5,4,5,5,4,0,4,4,3,0,84,92,8
"433",44074,-16.92359,145.76091,"PP15-1",0,2013-03-26,2013-04-03,TRUE,0,0,NA,NA,NA,NA,NA,NA,NA,NA,84,92,8
"434",26646,-16.92096,145.76434,"PP04",0,2013-04-03,2013-04-09,TRUE,0,2,NA,NA,NA,NA,2,2,2,0,92,98,6
"435",47501,-16.91546,145.76033,"PP30",0,2013-04-03,2013-04-09,TRUE,9,0,9,9,8,0,NA,NA,NA,NA,92,98,6
"436",53343,-16.91735,145.76202,"PP29",0,2013-04-03,2013-04-09,TRUE,14,10,14,14,11,0,10,10,9,0,92,98,6
"437",21693,-16.91975,145.76381,"PP27",0,2013-04-03,2013-04-09,TRUE,21,1,21,21,19,0,1,1,1,0,92,98,6
"438",55377,-16.91715,145.76301,"PP28",0,2013-04-03,2013-04-09,TRUE,0,1,NA,NA,NA,NA,1,1,0,0,92,98,6
"439",623,-16.92215,145.76311,"PP31",0,2013-04-03,2013-04-09,TRUE,8,1,8,8,6,0,1,1,0,0,92,98,6
"440",900029,-16.91801,145.76245,"PP44",0,2013-04-03,2013-04-09,TRUE,8,2,8,8,7,0,2,2,2,0,92,98,6
"441",67089,-16.91863,145.76443,"PP26",0,2013-04-03,2013-04-09,TRUE,12,29,12,12,10,0,29,29,29,0,92,98,6
"442",643,-16.92186,145.76408,"PP05",0,2013-04-03,2013-04-09,TRUE,13,7,13,13,12,0,7,7,7,0,92,98,6
"443",22950,-16.91897,145.76313,"PP25",0,2013-04-03,2013-04-09,TRUE,11,1,11,11,10,0,1,1,1,0,92,98,6
"444",23970,-16.9205,145.7664,"PP01",0,2013-04-03,2013-04-09,TRUE,31,3,31,31,20,0,3,3,2,0,92,98,6
"445",651,-16.92109,145.76342,"PP06",0,2013-04-03,2013-04-09,TRUE,9,2,9,9,9,0,2,2,2,0,92,98,6
"446",626,-16.92237,145.7633,"PP07",0,2013-04-03,2013-04-09,TRUE,12,6,12,12,11,0,6,6,5,0,92,98,6
"447",619,-16.92303,145.76327,"PP08",0,2013-04-03,2013-04-09,TRUE,6,8,6,6,5,0,8,8,7,0,92,98,6
"448",602,-16.92344,145.76225,"PP09",0,2013-04-03,2013-04-09,TRUE,5,9,5,5,5,0,9,9,6,0,92,98,6
"449",573,-16.92339,145.76163,"PP10",0,2013-04-03,2013-04-09,TRUE,8,1,8,8,4,0,1,1,1,0,92,98,6
"450",23463,-16.91717,145.76106,"PP11-1",0,2013-04-03,2013-04-09,TRUE,11,0,11,11,11,0,NA,NA,NA,NA,92,98,6
"451",26687,-16.92112,145.76051,"PP12",0,2013-04-03,2013-04-09,TRUE,25,14,25,25,18,0,14,14,5,0,92,98,6
"452",12036,-16.92137,145.76194,"PP13",0,2013-04-03,2013-04-09,TRUE,23,14,23,23,21,0,14,14,10,0,92,98,6
"453",6511,-16.92036,145.76231,"PP14",0,2013-04-03,2013-04-09,TRUE,26,32,26,26,23,0,32,32,30,0,92,98,6
"454",435,-16.91749,145.75932,"PP20-1",0,2013-04-03,2013-04-09,TRUE,8,0,8,8,6,0,NA,NA,NA,NA,92,98,6
"455",35611,-16.92006,145.76126,"PP16",0,2013-04-03,2013-04-09,TRUE,1,0,1,1,1,0,NA,NA,NA,NA,92,98,6
"456",478,-16.91868,145.76137,"PP17",0,2013-04-03,2013-04-09,TRUE,6,1,6,6,6,0,1,1,1,0,92,98,6
"457",494,-16.91929,145.76012,"PP18",0,2013-04-03,2013-04-09,TRUE,14,10,14,14,13,0,10,10,7,0,92,98,6
"458",507,-16.91866,145.75994,"PP19",0,2013-04-03,2013-04-09,TRUE,6,2,6,6,4,0,2,2,1,0,92,98,6
"459",13424,-16.91982,145.7657,"PP02",0,2013-04-03,2013-04-09,TRUE,8,0,8,8,7,0,NA,NA,NA,NA,92,98,6
"460",36629,-16.92062,145.76477,"PP03",0,2013-04-03,2013-04-09,TRUE,9,0,9,9,9,0,NA,NA,NA,NA,92,98,6
"461",427,-16.91646,145.75903,"PP22",0,2013-04-03,2013-04-09,TRUE,3,1,3,3,2,0,1,1,1,0,92,98,6
"462",35627,-16.91646,145.75845,"PP21",0,2013-04-03,2013-04-09,TRUE,4,1,4,4,3,0,1,1,0,0,92,98,6
"463",450,-16.91655,145.75955,"PP23",0,2013-04-03,2013-04-09,TRUE,6,2,6,6,6,0,2,2,2,0,92,98,6
"464",47457,-16.91626,145.76032,"PP24",0,2013-04-03,2013-04-09,TRUE,14,3,14,14,12,0,3,3,3,0,92,98,6
"465",900029,-16.91801,145.76245,"PP44",0,2013-04-09,2013-04-16,TRUE,3,5,3,3,3,0,5,5,4,0,98,105,7
"466",623,-16.92215,145.76311,"PP31",0,2013-04-09,2013-04-16,TRUE,3,1,3,3,3,0,1,1,1,0,98,105,7
"467",53343,-16.91735,145.76202,"PP29",0,2013-04-09,2013-04-16,TRUE,13,37,13,13,11,0,37,37,35,0,98,105,7
"468",55377,-16.91715,145.76301,"PP28",0,2013-04-09,2013-04-16,TRUE,2,1,2,2,2,0,1,1,1,0,98,105,7
"469",21693,-16.91975,145.76381,"PP27",0,2013-04-09,2013-04-16,TRUE,12,2,12,12,9,0,2,2,2,0,98,105,7
"470",47501,-16.91546,145.76033,"PP30",0,2013-04-09,2013-04-16,TRUE,7,1,7,7,5,0,1,1,0,0,98,105,7
"471",67089,-16.91863,145.76443,"PP26",0,2013-04-09,2013-04-16,TRUE,7,5,7,7,5,0,5,5,5,0,98,105,7
"472",626,-16.92237,145.7633,"PP07",0,2013-04-09,2013-04-16,TRUE,6,3,6,6,5,0,3,3,2,0,98,105,7
"473",22950,-16.91897,145.76313,"PP25",0,2013-04-09,2013-04-16,TRUE,21,11,21,21,16,0,11,11,10,0,98,105,7
"474",23970,-16.9205,145.7664,"PP01",0,2013-04-09,2013-04-16,TRUE,12,4,12,12,11,0,4,4,3,0,98,105,7
"475",13424,-16.91982,145.7657,"PP02",0,2013-04-09,2013-04-16,TRUE,6,3,6,6,5,0,3,3,2,0,98,105,7
"476",36629,-16.92062,145.76477,"PP03",0,2013-04-09,2013-04-16,TRUE,15,5,15,15,15,0,5,5,5,0,98,105,7
"477",26646,-16.92096,145.76434,"PP04",0,2013-04-09,2013-04-16,TRUE,9,6,9,9,9,0,6,6,6,0,98,105,7
"478",651,-16.92109,145.76342,"PP06",0,2013-04-09,2013-04-16,TRUE,9,0,9,9,9,0,NA,NA,NA,NA,98,105,7
"479",619,-16.92303,145.76327,"PP08",0,2013-04-09,2013-04-16,TRUE,6,0,6,6,5,0,NA,NA,NA,NA,98,105,7
"480",602,-16.92344,145.76225,"PP09",0,2013-04-09,2013-04-16,TRUE,15,9,15,15,15,0,9,9,9,0,98,105,7
"481",573,-16.92339,145.76163,"PP10",0,2013-04-09,2013-04-16,TRUE,11,6,11,11,10,0,6,6,5,0,98,105,7
"482",23463,-16.91717,145.76106,"PP11-1",0,2013-04-09,2013-04-16,TRUE,1,0,1,1,1,0,NA,NA,NA,NA,98,105,7
"483",26687,-16.92112,145.76051,"PP12",0,2013-04-09,2013-04-16,TRUE,20,4,20,20,12,0,4,4,4,0,98,105,7
"484",507,-16.91866,145.75994,"PP19",0,2013-04-09,2013-04-16,TRUE,10,2,10,10,6,0,2,2,2,0,98,105,7
"485",450,-16.91655,145.75955,"PP23",0,2013-04-09,2013-04-16,TRUE,10,2,10,10,9,0,2,2,2,0,98,105,7
"486",643,-16.92186,145.76408,"PP05",0,2013-04-09,2013-04-16,TRUE,18,13,18,18,15,0,13,13,11,0,98,105,7
"487",47457,-16.91626,145.76032,"PP24",0,2013-04-09,2013-04-16,TRUE,20,5,18,18,17,0,5,5,5,0,98,105,7
"488",12036,-16.92137,145.76194,"PP13",0,2013-04-09,2013-04-16,TRUE,13,3,13,13,13,0,3,3,3,0,98,105,7
"489",427,-16.91646,145.75903,"PP22",0,2013-04-09,2013-04-16,TRUE,4,1,4,4,4,0,1,1,1,0,98,105,7
"490",435,-16.91749,145.75932,"PP20-1",0,2013-04-09,2013-04-16,TRUE,10,3,10,10,9,0,4,4,4,0,98,105,7
"491",494,-16.91929,145.76012,"PP18",0,2013-04-09,2013-04-16,TRUE,12,13,12,12,11,0,13,13,13,0,98,105,7
"492",478,-16.91868,145.76137,"PP17",0,2013-04-09,2013-04-16,TRUE,11,1,11,11,11,0,1,1,1,0,98,105,7
"493",35611,-16.92006,145.76126,"PP16",0,2013-04-09,2013-04-16,TRUE,6,8,6,6,6,0,8,8,8,0,98,105,7
"494",6511,-16.92036,145.76231,"PP14",0,2013-04-09,2013-04-16,TRUE,29,20,29,29,20,0,20,20,17,0,98,105,7
"495",35627,-16.91646,145.75845,"PP21",0,2013-04-09,2013-04-16,TRUE,1,0,1,1,1,0,NA,NA,NA,NA,98,105,7
